Models,Ability
LinearRegression,0.49911949299999997
BayesianRidge,0.498077435
SVR,0.5144108740000001
SVR.1,0.522040718
KNeighborsRegressor,0.517681173
DecisionTreeRegressor,0.5086464549999999
RandomForestRegressor,0.519791205
AdaBoostRegressor,0.505616552
MLPRegressor,0.499680501
MLPRegressor.1,0.5318305729999999
Average,0.5162763130000001
Optimal,0.6143437159999999
Worst,0.425382915
