Models,Ability
LinearRegression,0.485334348
BayesianRidge,0.480410613
SVR,0.5239651329999999
SVR.1,0.6098116100000001
KNeighborsRegressor,0.588477713
DecisionTreeRegressor,0.5988508720000001
RandomForestRegressor,0.650905622
AdaBoostRegressor,0.585678536
MLPRegressor,0.6278157459999999
MLPRegressor.1,0.6100354040000001
Average,0.427227197
Optimal,0.644893199
Worst,0.397877337
