Models,Ability
LinearRegression,0.47483187666666665
BayesianRidge,0.47611477666666663
SVR,0.5222769443333334
SVR.1,0.6293092940000002
KNeighborsRegressor,0.6125993296666666
DecisionTreeRegressor,0.6218177656666665
RandomForestRegressor,0.6676034833333334
AdaBoostRegressor,0.6130756396666667
MLPRegressor,0.6513731730000002
MLPRegressor.1,0.6346527343333336
Average,0.4198017353333333
Optimal,0.670027357
Worst,0.3872242483333333
