Models,Ability
LinearRegression,0.508009964
BayesianRidge,0.5060574069999999
SVR,0.520141675
SVR.1,0.5203527579999999
KNeighborsRegressor,0.5261860699999998
DecisionTreeRegressor,0.511980063
RandomForestRegressor,0.523026161
AdaBoostRegressor,0.5104742560000001
MLPRegressor,0.5084261029999999
MLPRegressor.1,0.537186666
Average,0.5139383129999999
Optimal,0.6148542939999999
Worst,0.42683414
