Difficulty,Discrimination
0.379047402,0.08800568980000001
0.421144553,0.620199771
0.374159427,0.72370683
0.3890789,0.602337541
0.28315804099999997,0.870469219
0.287740744,0.8418685900000001
0.40020607799999997,0.453494929
0.43972040999999995,0.71723755
0.34000994799999995,0.715135762
0.340099236,0.8495118509999999
0.5855402299999999,0.27581816200000003
0.344584077,0.787817559
0.440328799,0.647961344
0.37009485999999997,0.742683633
0.332868361,0.554700796
0.325023148,1.07133729
0.315252378,0.649959922
0.276462122,0.625342853
0.395905908,0.500364815
0.328737168,0.566635978
0.38818584899999997,0.7942539909999999
0.29877575100000003,0.9382918090000001
0.5093321759999999,0.420881452
0.297401421,0.611217374
0.32023401999999995,1.0378049200000001
0.46713065500000006,0.7425490299999999
0.36482367099999996,0.7630843559999999
0.386600454,0.8348836690000001
0.43166580899999996,0.43078169600000005
0.41729696800000005,0.43980248099999997
0.32677859500000006,0.8398551620000001
0.416965439,0.7149661669999999
0.277161525,0.87388233
0.454944221,0.6406511669999999
0.491730091,0.48965908799999996
0.48855448599999995,0.401718494
0.47552859100000006,0.685255042
0.39750184499999996,0.5921054560000001
0.361086428,0.816608499
0.29618091999999996,0.9595077670000002
0.43039271,0.6656551050000001
0.27914576300000005,0.8907004369999999
0.4374178649999999,0.7155649729999999
0.37005128200000004,0.6307569230000001
0.332846677,0.575534424
0.43747524700000007,0.7504602340000001
0.265021663,0.823765384
0.41579391899999996,0.52710267
0.326147598,0.743543373
0.34875135999999995,0.686025451
0.23544857600000002,0.8957209570000002
0.369373799,0.6506431069999999
0.5787937019999999,0.14881824999999999
0.29696215299999995,0.8500860179999998
0.417497995,0.5194232759999999
0.6595828109999999,0.50938886
0.355990563,0.7186265099999999
0.331269147,0.5042527290000001
0.327431886,0.8683371660000001
0.4849615669999999,0.6396053100000001
