Models,Ability
LinearRegression,0.4698541806666666
BayesianRidge,0.4753501323333334
SVR,0.5231214909999999
SVR.1,0.6327162536666666
KNeighborsRegressor,0.6391471639999998
DecisionTreeRegressor,0.6442144886666668
RandomForestRegressor,0.6899702143333334
AdaBoostRegressor,0.6280083343333334
MLPRegressor,0.6744146129999999
MLPRegressor.1,0.6446467943333335
Average,0.4115628209999998
Optimal,0.6927090459999998
Worst,0.3798801863333334
