Models,Ability
LinearRegression,0.473065452
BayesianRidge,0.47593690399999994
SVR,0.5222461839999999
SVR.1,0.632712712
KNeighborsRegressor,0.638748007
DecisionTreeRegressor,0.644033748
RandomForestRegressor,0.686220027
AdaBoostRegressor,0.628699184
MLPRegressor,0.681180594
MLPRegressor.1,0.655542287
Average,0.406640885
Optimal,0.692527213
Worst,0.37715772000000003
