Models,Ability
LinearRegression,0.506261261
BayesianRidge,0.5105746520000001
SVR,0.5286242800000001
SVR.1,0.521507337
KNeighborsRegressor,0.5289083960000001
DecisionTreeRegressor,0.5192784180000001
RandomForestRegressor,0.522359821
AdaBoostRegressor,0.511957004
MLPRegressor,0.512899913
MLPRegressor.1,0.529707075
Average,0.510979224
Optimal,0.6139099399999999
Worst,0.42430944700000006
