Models,Ability
LinearRegression,0.47483274566666656
BayesianRidge,0.4735791403333333
SVR,0.520357569
SVR.1,0.6269963416666666
KNeighborsRegressor,0.603117918
DecisionTreeRegressor,0.6153929959999999
RandomForestRegressor,0.6598982853333333
AdaBoostRegressor,0.6030585973333333
MLPRegressor,0.6400865606666665
MLPRegressor.1,0.6239988350000001
Average,0.42286160933333333
Optimal,0.6665091563333334
Worst,0.3917044746666668
