Models,Ability
LinearRegression,0.487157285
BayesianRidge,0.488868541
SVR,0.526323919
SVR.1,0.6014935450000001
KNeighborsRegressor,0.5764958459999999
DecisionTreeRegressor,0.583046573
RandomForestRegressor,0.633077202
AdaBoostRegressor,0.596485458
MLPRegressor,0.6102400039999999
MLPRegressor.1,0.5978195820000001
Average,0.4319171679999999
Optimal,0.644852115
Worst,0.40732294699999994
