Models,Ability
LinearRegression,0.5112407600000001
BayesianRidge,0.5097257839999999
SVR,0.5125526319999999
SVR.1,0.5144199300000001
KNeighborsRegressor,0.537659224
DecisionTreeRegressor,0.5177961
RandomForestRegressor,0.547017346
AdaBoostRegressor,0.5121553000000001
MLPRegressor,0.5193997620000002
MLPRegressor.1,0.553999204
Average,0.45333771599999995
Optimal,0.631162134
Worst,0.43253582799999996
