Models,Ability
LinearRegression,0.4845862039999999
BayesianRidge,0.47652387999999996
SVR,0.5071450470000001
SVR.1,0.5562562430000001
KNeighborsRegressor,0.5006397979999999
DecisionTreeRegressor,0.522771216
RandomForestRegressor,0.5804594759999999
AdaBoostRegressor,0.5375784869999999
MLPRegressor,0.526597686
MLPRegressor.1,0.524533693
Average,0.485974271
Optimal,0.5884638320000001
Worst,0.43474830000000003
