Models,Ability
LinearRegression,0.49276850166666664
BayesianRidge,0.48464033300000003
SVR,0.5221147493333335
SVR.1,0.5921508000000002
KNeighborsRegressor,0.5508039873333334
DecisionTreeRegressor,0.5677080783333334
RandomForestRegressor,0.6229817416666666
AdaBoostRegressor,0.5798927729999999
MLPRegressor,0.5839587359999999
MLPRegressor.1,0.5744937286666667
Average,0.4466470639999999
Optimal,0.6329790479999999
Worst,0.41742010933333334
