Models,Ability
LinearRegression,0.5110931049999999
BayesianRidge,0.529810387
SVR,0.5445520009999999
SVR.1,0.45483844199999995
KNeighborsRegressor,0.549999617
DecisionTreeRegressor,0.52238729
RandomForestRegressor,0.533918202
AdaBoostRegressor,0.526118533
MLPRegressor,0.547637041
MLPRegressor.1,0.535449925
Average,0.495653566
Optimal,0.621854037
Worst,0.42537261100000007
