Models,Ability
LinearRegression,0.47678977300000003
BayesianRidge,0.47191578199999995
SVR,0.5100022350000002
SVR.1,0.5705872089999999
KNeighborsRegressor,0.519129008
DecisionTreeRegressor,0.542517017
RandomForestRegressor,0.600226971
AdaBoostRegressor,0.5609683670000001
MLPRegressor,0.549144886
MLPRegressor.1,0.543517138
Average,0.469427474
Optimal,0.60494599
Worst,0.428041368
