Models,Ability
LinearRegression,0.48834732066666675
BayesianRidge,0.483314917
SVR,0.5261685193333333
SVR.1,0.5952028283333333
KNeighborsRegressor,0.5572338006666668
DecisionTreeRegressor,0.5770255193333333
RandomForestRegressor,0.6272509613333335
AdaBoostRegressor,0.5748856526666668
MLPRegressor,0.5888205009999999
MLPRegressor.1,0.5804198353333334
Average,0.44345396233333323
Optimal,0.6373582586666667
Worst,0.4144712903333333
