Difficulty,Discrimination
0.3908771113333334,0.03186822634
0.43075392799999995,0.5577468913333334
0.3858373540000001,0.598924856
0.48331164700000007,0.2802944803333334
0.30971888666666664,0.5928777556666665
0.38496909966666665,0.4484322373333333
0.3657314210000001,0.45508386166666653
0.42218351633333323,0.6962967043333332
0.4037535666666667,0.5056597906666666
0.3413221999999999,0.7609809603333333
0.5592705830000001,0.2944532513333334
0.4204646763333333,0.4424291076666667
0.428193499,0.5956725683333333
0.45052527333333336,0.47406460166666675
0.3485397826666667,0.354789692
0.34186234633333334,0.7943823563333332
0.35168403200000004,0.48309531866666666
0.4252837649999998,0.06252533939333335
0.5583214353333333,0.261691856
0.32416324099999994,0.5010600153333333
0.3809140843333332,0.7074660226666665
0.3097257556666666,0.7730685366666666
0.5209089253333332,0.4128044766666667
0.3877694609999999,0.347587895
0.3692323326666667,0.6895626156666667
0.5450662866666668,0.5740607006666668
0.37923809999999997,0.6361452490000001
0.39385861133333333,0.656781904333333
0.5178105859999999,0.14440582923333337
0.3977275563333333,0.39624734866666667
0.389090985,0.49263404499999996
0.501595754,0.45048958833333336
0.37127237833333326,0.6800684213333332
0.5942264696666669,0.4787391420000001
0.502666317,0.45944232500000004
0.6388141590000002,0.3676650866666667
0.5004766673333332,0.391171039
0.374077276,0.5136231413333334
0.344212612,0.7165226759999999
0.4676891540000001,0.49276393033333327
0.48038665266666664,0.49150487333333326
0.3242008409999999,0.8078101959999999
0.495217682,0.5979374416666666
0.4082900486666668,0.5254776736666666
0.4234939033333333,0.3404713346666666
0.4495826836666667,0.6503839876666666
0.3131641443333333,0.6319652416666666
0.41663838100000006,0.47186963533333337
0.3340313483333333,0.5972301219999999
0.3654120176666667,0.5991616613333333
0.3402396663333333,0.5685250616666665
0.3903420926666667,0.4587826943333334
0.6033599746666666,0.2570275216666667
0.44087102100000003,0.3948003866666667
0.45472688666666666,0.3027436256666667
0.7627361120000001,0.7355532016666668
0.3416223733333334,0.7065258946666668
0.3175773713333333,0.495831503
0.32848172,0.7494937780000002
0.5366256936666667,0.3650380530000001
