Models,Ability
LinearRegression,0.5492255475000001
BayesianRidge,0.5266577999999998
SVR,0.5209912255
SVR.1,0.5414086229999999
KNeighborsRegressor,0.5012120369999998
DecisionTreeRegressor,0.5221612412500001
RandomForestRegressor,0.5641489460000002
AdaBoostRegressor,0.551537659
MLPRegressor,0.475061408
MLPRegressor.1,0.5537764990000003
Average,0.5295094385
Optimal,0.6074494212499999
Worst,0.46557961724999997
