Models,Ability
LinearRegression,0.513055753
BayesianRidge,0.508425286
SVR,0.5318047290000001
SVR.1,0.5310036910000001
KNeighborsRegressor,0.5332829570000001
DecisionTreeRegressor,0.507863925
RandomForestRegressor,0.5273352689999999
AdaBoostRegressor,0.5187959029999999
MLPRegressor,0.520652871
MLPRegressor.1,0.5420785589999999
Average,0.509203892
Optimal,0.6187251139999999
Worst,0.426608959
