Models,Ability
LinearRegression,0.48968818700000005
BayesianRidge,0.4709686619999999
SVR,0.4895711770000001
SVR.1,0.5114697020000001
KNeighborsRegressor,0.514116276
DecisionTreeRegressor,0.49872133699999993
RandomForestRegressor,0.516183473
AdaBoostRegressor,0.501205088
MLPRegressor,0.488915318
MLPRegressor.1,0.527069593
Average,0.5283018829999999
Optimal,0.599648419
Worst,0.41812824400000004
