Models,Ability
LinearRegression,0.485599875
BayesianRidge,0.47423799899999997
SVR,0.5062773119999999
SVR.1,0.564724939
KNeighborsRegressor,0.5079015410000001
DecisionTreeRegressor,0.5265709980000001
RandomForestRegressor,0.58140859
AdaBoostRegressor,0.5627944389999999
MLPRegressor,0.523552281
MLPRegressor.1,0.5250738590000001
Average,0.484917414
Optimal,0.600911169
Worst,0.42809046300000003
