Models,Ability
LinearRegression,0.518023468
BayesianRidge,0.532278814
SVR,0.5509272119999999
SVR.1,0.471608129
KNeighborsRegressor,0.558784136
DecisionTreeRegressor,0.5292941959999999
RandomForestRegressor,0.535740586
AdaBoostRegressor,0.5257522040000001
MLPRegressor,0.5456493490000001
MLPRegressor.1,0.537556319
Average,0.492143726
Optimal,0.6319068510000001
Worst,0.42430964099999996
