Models,Ability
LinearRegression,0.5511714282500001
BayesianRidge,0.5273040862499999
SVR,0.520419287
SVR.1,0.54159835075
KNeighborsRegressor,0.50036208
DecisionTreeRegressor,0.5235344235000002
RandomForestRegressor,0.565769733
AdaBoostRegressor,0.5510821210000001
MLPRegressor,0.4752808007499999
MLPRegressor.1,0.5541540624999999
Average,0.5286468565000001
Optimal,0.6047270687499999
Worst,0.46488917124999996
