Models,Ability
LinearRegression,0.513421693
BayesianRidge,0.523516002
SVR,0.557322251
SVR.1,0.456880826
KNeighborsRegressor,0.564864684
DecisionTreeRegressor,0.5141201040000001
RandomForestRegressor,0.5501136859999999
AdaBoostRegressor,0.523825842
MLPRegressor,0.5364797950000001
MLPRegressor.1,0.5289310899999999
Average,0.49152681099999995
Optimal,0.617651809
Worst,0.42883761499999995
