Models,Ability
LinearRegression,0.5176912
BayesianRidge,0.52770335
SVR,0.557218
SVR.1,0.45909720499999995
KNeighborsRegressor,0.5670027499999999
DecisionTreeRegressor,0.51410838
RandomForestRegressor,0.53330592
AdaBoostRegressor,0.5306375999999999
MLPRegressor,0.5323321299999999
MLPRegressor.1,0.539814985
Average,0.493044715
Optimal,0.633200175
Worst,0.43000467
