FA2,FA,IRT,dataset,M,N
3.902827627015677,3.6709053740221256,0.9124016086223379,errors-2,54,9
3.267197396444817,2.205637436714458,1.6638367400767793,errors-3,49,7
