FA2,FA,IRT,dataset,M,N
1.4622510181977866,1.4431236324067054,0.5585127011784947,stats101-1,11,31
1.4794020064857987,1.4578451482774106,0.7171943536248961,stats101-1,11,31
