Models,Ability
LinearRegression,0.512918888
BayesianRidge,0.529534819
SVR,0.543602823
SVR.1,0.48825796600000004
KNeighborsRegressor,0.544858474
DecisionTreeRegressor,0.5273616449999999
RandomForestRegressor,0.537736285
AdaBoostRegressor,0.5239582690000001
MLPRegressor,0.546588611
MLPRegressor.1,0.5386275890000001
Average,0.4967200439999999
Optimal,0.629916344
Worst,0.422249379
