Models,Ability
LinearRegression,0.48269472
BayesianRidge,0.4707163019999999
SVR,0.48636854500000004
SVR.1,0.504610573
KNeighborsRegressor,0.5069269270000001
DecisionTreeRegressor,0.495258761
RandomForestRegressor,0.50776822
AdaBoostRegressor,0.4969077930000001
MLPRegressor,0.480870021
MLPRegressor.1,0.5201536339999999
Average,0.531742227
Optimal,0.603904004
Worst,0.4162435499999999
