Models,Ability
LinearRegression,0.48590849300000005
BayesianRidge,0.4736004469999999
SVR,0.5120362319999999
SVR.1,0.57277891
KNeighborsRegressor,0.5206432430000001
DecisionTreeRegressor,0.543244584
RandomForestRegressor,0.593826591
AdaBoostRegressor,0.553934004
MLPRegressor,0.5504965339999999
MLPRegressor.1,0.545879463
Average,0.465159195
Optimal,0.60902281
Worst,0.42601422
