Difficulty,Discrimination
0.43509693799999993,0.6197158020000001
0.32789473999999996,0.67090052
0.333638384,0.56535282
0.48251444800000004,0.32629433399999996
0.43589513,0.569622274
0.455351018,0.41150458199999995
0.487039154,0.58843304
0.44390645199999995,0.5709525799999999
0.41011824199999997,0.446657772
0.338170674,0.6244231880000001
0.4753251639999999,0.45235796399999995
0.44531933000000007,0.449781574
0.39081045799999997,0.42976658400000006
0.41121844,0.4090713060000001
0.427731806,0.4403741739999999
0.338568386,0.679674748
0.37401785800000004,0.643625032
0.44786446799999996,0.441746644
0.5021776040000001,0.35480316600000006
0.392870832,0.5383971719999999
0.32884969000000003,0.50261975
0.30173810999999995,0.77121418
0.55871721,0.289889336
0.45847907800000004,0.4118028752
0.392291152,0.66811489
0.5766511,0.46146186799999994
0.428976722,0.579101212
0.37297374,0.65226354
0.5825043200000001,0.5215719759999999
0.4163315799999999,0.5112854536
0.45751653000000003,0.372411753
0.44675709399999997,0.31166361600000003
0.342357376,0.64903692
0.543556776,0.257168858
0.586026894,0.41239114
0.64095096,0.49845741000000005
0.44924516800000003,0.470650648
0.42405878399999997,0.5012686439999999
0.351090644,0.51807938
0.44465021799999993,0.39647273800000005
0.464791942,0.44012525599999996
0.363234098,0.6168077120000001
0.5553068480000001,0.28644437400000006
0.44080911599999995,0.501830142
0.40442776199999997,0.3946018076
0.40591286000000004,0.45333990599999996
0.34105886599999996,0.6403720479999999
0.356456066,0.494008136
0.29605607,0.67930242
0.411941062,0.432791862
0.37381401,0.506543702
0.35205557000000004,0.60078829
0.6127531279999998,0.513849322
0.47854714000000004,0.39824334799999994
0.428454424,0.38095902800000003
0.7577519460000001,0.824473742
0.344461152,0.6218726139999999
0.33461575,0.689451246
0.316671004,0.673896826
0.472384394,0.409474932
