Models,Ability
LinearRegression,0.522207198
BayesianRidge,0.483703166
SVR,0.552991814
SVR.1,0.5401617040000001
KNeighborsRegressor,0.589508402
DecisionTreeRegressor,0.5539308159999999
RandomForestRegressor,0.5539154740000001
AdaBoostRegressor,0.5601743239999999
MLPRegressor,0.541106256
MLPRegressor.1,0.58392041
Average,0.456964392
Optimal,0.61285214
Worst,0.417130386
