Models,Ability
LinearRegression,0.491517136
BayesianRidge,0.48419763499999996
SVR,0.5248628949999999
SVR.1,0.5882631819999999
KNeighborsRegressor,0.550399936
DecisionTreeRegressor,0.570386037
RandomForestRegressor,0.6213259120000001
AdaBoostRegressor,0.566630327
MLPRegressor,0.5820258199999999
MLPRegressor.1,0.5727177969999999
Average,0.446361519
Optimal,0.6197949279999999
Worst,0.416748353
