Models,Ability
LinearRegression,0.5193272129999998
BayesianRidge,0.511185064
SVR,0.5148222252500001
SVR.1,0.56769178075
KNeighborsRegressor,0.5245629015
DecisionTreeRegressor,0.5316648342499999
RandomForestRegressor,0.58666069
AdaBoostRegressor,0.5334550025
MLPRegressor,0.559799004
MLPRegressor.1,0.5588722835000002
Average,0.5338855197499999
Optimal,0.5907102737499998
Worst,0.47534886374999996
