Models,Ability
LinearRegression,0.5547448999999997
BayesianRidge,0.53511035
SVR,0.5229980999999999
SVR.1,0.5382728599999996
KNeighborsRegressor,0.50078076
DecisionTreeRegressor,0.5051565999999996
RandomForestRegressor,0.5634714400000004
AdaBoostRegressor,0.5498810399999999
MLPRegressor,0.4764057000000005
MLPRegressor.1,0.5386966499999998
Average,0.5222609600000003
Optimal,0.5940283499999996
Worst,0.4582134999999997
