Models,Ability
LinearRegression,0.484326747
BayesianRidge,0.46831099299999995
SVR,0.487473416
SVR.1,0.5205767480000001
KNeighborsRegressor,0.5067241800000001
DecisionTreeRegressor,0.4870296849999999
RandomForestRegressor,0.505565628
AdaBoostRegressor,0.49314246100000003
MLPRegressor,0.482766464
MLPRegressor.1,0.526751281
Average,0.5359972479999999
Optimal,0.5992601050000002
Worst,0.409881117
