Models,Ability
LinearRegression,0.48749946299999997
BayesianRidge,0.481342533
SVR,0.517844619
SVR.1,0.581124693
KNeighborsRegressor,0.529678264
DecisionTreeRegressor,0.546098881
RandomForestRegressor,0.6033041170000001
AdaBoostRegressor,0.5647530199999999
MLPRegressor,0.55568879
MLPRegressor.1,0.552218086
Average,0.45926660999999996
Optimal,0.6090191349999999
Worst,0.425253516
