Models,Ability
LinearRegression,0.504034598
BayesianRidge,0.5186183740000001
SVR,0.540250944
SVR.1,0.566437848
KNeighborsRegressor,0.5801909500000001
DecisionTreeRegressor,0.6102335259999999
RandomForestRegressor,0.5559019179999999
AdaBoostRegressor,0.5756919540000001
MLPRegressor,0.5576471380000001
MLPRegressor.1,0.584031856
Average,0.441310548
Optimal,0.660759684
Worst,0.408077792
