Models,Ability
LinearRegression,0.483198094
BayesianRidge,0.47436105200000006
SVR,0.492310267
SVR.1,0.5200700799999999
KNeighborsRegressor,0.51433076
DecisionTreeRegressor,0.505182775
RandomForestRegressor,0.52161957
AdaBoostRegressor,0.497639466
MLPRegressor,0.4912234129999999
MLPRegressor.1,0.529068033
Average,0.5252499260000001
Optimal,0.6141747989999999
Worst,0.423260408
