Models,Ability
LinearRegression,0.50842134
BayesianRidge,0.5075361020000001
SVR,0.532806974
SVR.1,0.5432507980000001
KNeighborsRegressor,0.57523401
DecisionTreeRegressor,0.561639466
RandomForestRegressor,0.552730744
AdaBoostRegressor,0.560021426
MLPRegressor,0.5584300200000001
MLPRegressor.1,0.567182642
Average,0.457952302
Optimal,0.6463194480000001
Worst,0.42737510399999995
