Models,Ability
LinearRegression,0.48676566600000015
BayesianRidge,0.47416615799999995
SVR,0.509488215
SVR.1,0.5673952219999999
KNeighborsRegressor,0.510003944
DecisionTreeRegressor,0.5367550839999999
RandomForestRegressor,0.588977122
AdaBoostRegressor,0.550266214
MLPRegressor,0.5340091479999999
MLPRegressor.1,0.53324698
Average,0.4743003069999999
Optimal,0.5967103680000001
Worst,0.430411016
