Models,Ability
LinearRegression,0.516314286
BayesianRidge,0.5231608259999999
SVR,0.5372486599999999
SVR.1,0.47792247199999993
KNeighborsRegressor,0.5359477349999999
DecisionTreeRegressor,0.522721544
RandomForestRegressor,0.534206046
AdaBoostRegressor,0.51746146
MLPRegressor,0.5244349020000001
MLPRegressor.1,0.532604933
Average,0.49937461799999994
Optimal,0.616861703
Worst,0.415344834
