Models,Ability
LinearRegression,0.491224151
BayesianRidge,0.478968371
SVR,0.5176245226666667
SVR.1,0.5773048146666665
KNeighborsRegressor,0.5354011216666668
DecisionTreeRegressor,0.5552009866666666
RandomForestRegressor,0.6083020256666667
AdaBoostRegressor,0.5541027686666666
MLPRegressor,0.5660332169999999
MLPRegressor.1,0.5584919756666665
Average,0.456492104
Optimal,0.6169402256666666
Worst,0.42375724199999987
