Models,Ability
LinearRegression,0.48338305200000004
BayesianRidge,0.46608201900000007
SVR,0.4994645780000001
SVR.1,0.5529698059999999
KNeighborsRegressor,0.498984265
DecisionTreeRegressor,0.5150438700000001
RandomForestRegressor,0.573056587
AdaBoostRegressor,0.52681199
MLPRegressor,0.515433139
MLPRegressor.1,0.5194266280000001
Average,0.488892797
Optimal,0.5831364379999999
Worst,0.42873382200000004
