Models,Ability
LinearRegression,0.48087720199999995
BayesianRidge,0.45357335700000007
SVR,0.504378534
SVR.1,0.557327261
KNeighborsRegressor,0.4997407509999999
DecisionTreeRegressor,0.526015378
RandomForestRegressor,0.5750744299999999
AdaBoostRegressor,0.548932006
MLPRegressor,0.514514386
MLPRegressor.1,0.5211671339999999
Average,0.48953155099999995
Optimal,0.596279395
Worst,0.42681812500000005
