Models,Ability
LinearRegression,0.5501341322500001
BayesianRidge,0.5249393240000001
SVR,0.52135278275
SVR.1,0.5404946670000002
KNeighborsRegressor,0.4995296485
DecisionTreeRegressor,0.5205915747500001
RandomForestRegressor,0.5602464909999999
AdaBoostRegressor,0.5512346275000001
MLPRegressor,0.475061624
MLPRegressor.1,0.5527857174999999
Average,0.5281713155000001
Optimal,0.604233489
Worst,0.46446127674999993
