Models,Ability
LinearRegression,0.5139653192499998
BayesianRidge,0.5014249155
SVR,0.52906395825
SVR.1,0.6078230117500001
KNeighborsRegressor,0.5688306047500001
DecisionTreeRegressor,0.57467519175
RandomForestRegressor,0.6262127685000001
AdaBoostRegressor,0.5944379045000001
MLPRegressor,0.6053358810000001
MLPRegressor.1,0.6003738630000002
Average,0.5619044165
Optimal,0.6349968897499999
Worst,0.48150733
