Difficulty,Discrimination
0.45455550199999994,0.28630790999999994
0.362560324,0.5533409979999999
0.43049213599999997,0.69765154
0.5340236719999999,0.35832941599999996
0.47789492000000006,0.435204606
0.435773436,0.384069738
0.5484936300000001,0.4153774
0.40376291599999997,0.525080166
0.46341499199999997,0.288973836
0.297418802,0.6936903040000001
0.41013776600000007,0.462727764
0.38952006399999994,0.3757055879999999
0.386797334,0.440443324
0.45850170000000007,0.39058660000000006
0.46905283400000003,0.433194884
0.391065634,0.49746430999999997
0.45982969,0.49104334200000005
0.4750278600000001,0.45317646199999995
0.5465791499999999,0.36330321800000004
0.43233951,0.43001717599999995
0.45033467599999993,0.414859868
0.32398913,0.725674144
0.57081431,0.318315764
0.449432616,0.542128366
0.367697728,0.506404112
0.651206768,0.428875394
0.35084656399999997,0.603685442
0.38292589,0.34482431799999996
0.569264512,0.311304464
0.49015220800000003,0.52259379
0.43229935199999997,0.444744382
0.507331298,0.24057289399999998
0.29200855400000003,0.680177996
0.5959489720000001,0.4639413739999999
0.599691574,0.37392271299999996
0.5640960400000001,0.40335272799999994
0.490151672,0.43507274
0.49731711799999995,0.322696572
0.521139918,0.38767960199999996
0.4923945419999999,0.404500704
0.5119609900000001,0.367896852
0.399620582,0.456090972
0.5436760119999999,0.31333102659999995
0.44876356800000006,0.41753637
0.380949652,0.5615648160000001
0.44322351600000004,0.49227433400000004
0.40811442200000003,0.608371788
0.43237333200000005,0.362098022
0.43979259800000003,0.469878436
0.415559932,0.446216044
0.429802846,0.520250884
0.357825428,0.490451082
0.7152082,0.763545246
0.516050238,0.36684060000000007
0.45751810600000004,0.373258728
0.77273891,0.8911435600000001
0.307393052,0.5093844280000001
0.456441728,0.44901167399999997
0.36010919399999997,0.397598626
0.49540897800000006,0.477481288
