Models,Ability
LinearRegression,0.48455771700000005
BayesianRidge,0.46435311199999996
SVR,0.4959490349999999
SVR.1,0.5527612789999999
KNeighborsRegressor,0.487938168
DecisionTreeRegressor,0.508997147
RandomForestRegressor,0.562360261
AdaBoostRegressor,0.5347402370000001
MLPRegressor,0.503430211
MLPRegressor.1,0.508278324
Average,0.49599438000000007
Optimal,0.577538737
Worst,0.432379162
