Models,Ability
LinearRegression,0.483735809
BayesianRidge,0.474875657
SVR,0.4975908679999999
SVR.1,0.5212210089999999
KNeighborsRegressor,0.511576091
DecisionTreeRegressor,0.505731306
RandomForestRegressor,0.512145293
AdaBoostRegressor,0.499648819
MLPRegressor,0.488249334
MLPRegressor.1,0.52567224
Average,0.52470405
Optimal,0.606609516
Worst,0.42732781099999995
