Models,Ability
LinearRegression,0.4841778073333334
BayesianRidge,0.48441323733333325
SVR,0.5269486543333334
SVR.1,0.6090232749999999
KNeighborsRegressor,0.5806247096666667
DecisionTreeRegressor,0.5949623520000001
RandomForestRegressor,0.6458663910000001
AdaBoostRegressor,0.5811643613333332
MLPRegressor,0.6190674326666666
MLPRegressor.1,0.6016567133333333
Average,0.4323704113333334
Optimal,0.6514230206666666
Worst,0.4029579283333333
