Models,Ability
LinearRegression,0.487164745
BayesianRidge,0.483952015
SVR,0.523892766
SVR.1,0.5827710660000001
KNeighborsRegressor,0.533819911
DecisionTreeRegressor,0.5585353630000001
RandomForestRegressor,0.6072919250000001
AdaBoostRegressor,0.5643104190000001
MLPRegressor,0.576057797
MLPRegressor.1,0.5645660499999999
Average,0.450126177
Optimal,0.6118406110000001
Worst,0.41891957
