Models,Ability
LinearRegression,0.48926513600000004
BayesianRidge,0.47750412600000003
SVR,0.523017128
SVR.1,0.575943827
KNeighborsRegressor,0.529987954
DecisionTreeRegressor,0.5478465459999999
RandomForestRegressor,0.599337154
AdaBoostRegressor,0.5626932869999999
MLPRegressor,0.5600782540000001
MLPRegressor.1,0.552962202
Average,0.46178344200000004
Optimal,0.611036764
Worst,0.42025366999999997
