Models,Ability
LinearRegression,0.494161548
BayesianRidge,0.49273762700000007
SVR,0.531073939
SVR.1,0.5968506900000001
KNeighborsRegressor,0.5596907900000001
DecisionTreeRegressor,0.586960092
RandomForestRegressor,0.631669781
AdaBoostRegressor,0.5740663290000001
MLPRegressor,0.5964595380000001
MLPRegressor.1,0.586816975
Average,0.43155075400000004
Optimal,0.6345262599999999
Worst,0.41005208400000004
