Models,Ability
LinearRegression,0.511392292
BayesianRidge,0.5045315739999999
SVR,0.518671536
SVR.1,0.5832383259999999
KNeighborsRegressor,0.595280976
DecisionTreeRegressor,0.5880749279999999
RandomForestRegressor,0.590745996
AdaBoostRegressor,0.6009283900000001
MLPRegressor,0.6054737939999999
MLPRegressor.1,0.6180917000000001
Average,0.424345404
Optimal,0.6691700540000001
Worst,0.40042945799999996
