Models,Ability
LinearRegression,0.4755690909999999
BayesianRidge,0.4739694846666667
SVR,0.5190703696666665
SVR.1,0.6178184429999999
KNeighborsRegressor,0.5962261843333334
DecisionTreeRegressor,0.6080091346666666
RandomForestRegressor,0.6590710416666667
AdaBoostRegressor,0.5944991196666667
MLPRegressor,0.630179389
MLPRegressor.1,0.6175853076666667
Average,0.4263240786666666
Optimal,0.6535684966666668
Worst,0.3949581486666667
