,difficulty,discrimination,mean_error
errors-question1,0.47210052609443665,1.0855066776275635,0.7755102040816326
errors-question2,0.43392038345336914,1.0190531015396118,0.7551020408163265
errors-question3,0.2881106734275818,1.438543677330017,0.1836734693877551
errors-question4,0.26868095993995667,1.213451862335205,0.2653061224489796
errors-question5,0.33776047825813293,1.0042803287506104,0.40816326530612246
errors-question6,0.5369396209716797,0.9357396960258484,1.7142857142857142
errors-question7,0.6471477746963501,0.6917676329612732,2.6122448979591835
