,difficulty,discrimination,mean_error
errors-question1,0.4082227945327759,1.1171269416809082,0.7755102040816326
errors-question2,0.3580288290977478,0.8520082235336304,0.7551020408163265
errors-question3,0.969167172908783,-0.690264880657196,0.1836734693877551
errors-question4,0.3064675033092499,1.1019868850708008,0.2653061224489796
errors-question5,0.2492007315158844,0.696071982383728,0.40816326530612246
errors-question6,0.5157309174537659,1.0049179792404175,1.7142857142857142
errors-question7,0.5772939920425415,0.7284932732582092,2.6122448979591835
