,difficulty,discrimination,mean_error
errors-question1,0.3118090331554413,0.9762069582939148,0.7407407407407407
errors-question2,0.4377473294734955,0.5698632597923279,1.1296296296296295
errors-question3,0.36062270402908325,1.0277348756790161,0.7222222222222222
errors-question4,0.45704174041748047,0.7176940441131592,1.2037037037037037
errors-question5,0.3365844786167145,1.0967676639556885,0.5740740740740741
errors-question6,0.42862221598625183,0.9294259548187256,0.8703703703703703
errors-question7,0.4053276777267456,0.777851402759552,0.9629629629629629
errors-question8,0.5623915195465088,0.6269550323486328,1.8333333333333333
errors-question9,0.4994994103908539,0.7423439025878906,2.1296296296296298
