,difficulty,discrimination,mean_error
errors-question1,0.38125333189964294,1.1035655736923218,0.7407407407407407
errors-question2,0.4473182260990143,0.8068526983261108,1.1296296296296295
errors-question3,0.35968315601348877,0.8903158903121948,0.7222222222222222
errors-question4,0.46000829339027405,0.7194041609764099,1.2037037037037037
errors-question5,0.35541683435440063,1.080121636390686,0.5740740740740741
errors-question6,0.38632887601852417,0.7250460386276245,0.8703703703703703
errors-question7,0.38988906145095825,0.9109145402908325,0.9629629629629629
errors-question8,0.5376279354095459,0.6326586604118347,1.8333333333333333
errors-question9,0.5489344596862793,0.7939890027046204,2.1296296296296298
