,difficulty,discrimination,mean_error
0,0.25214502215385437,0.9665089249610901,0.6557377049180326
1,0.4096738398075104,0.812443196773529,0.9999999999999998
2,0.2504640221595764,0.9640085101127625,0.6393442622950819
3,0.5123291611671448,0.6365443468093872,1.065573770491803
4,0.21506445109844208,1.0558573007583618,0.5081967213114753
5,0.318742573261261,0.9189060926437378,0.7704918032786884
6,0.3228903114795685,0.6431069374084473,0.8524590163934425
7,0.541264533996582,0.5220646262168884,1.6229508196721314
8,0.4966815710067749,0.8476301431655884,1.8852459016393448
