,difficulty,discrimination,mean_error
0,0.18105381727218628,1.0748153924942017,0.7547169811320754
1,0.23241329193115234,1.0102646350860596,0.7924528301886792
2,0.24833181500434875,0.9639872908592224,1.1320754716981132
3,0.2965306043624878,0.5722692012786865,1.320754716981132
