,difficulty,discrimination,mean_error
0,0.24757805466651917,0.9106223583221436,0.7142857142857144
1,0.3886484205722809,0.5415001511573792,1.3373860182370825
2,0.23906351625919342,0.8999128937721252,0.7598784194528878
3,0.2973331809043884,0.7579472064971924,1.0030395136778119
4,0.30828583240509033,0.5657755732536316,1.185410334346505
