,difficulty,discrimination,mean_error
0,0.5472380518913269,0.5469191670417786,1.6318407960199008
1,0.4969247281551361,0.8747936487197876,1.5124378109452739
2,0.5469322204589844,0.676827073097229,1.6053067993366503
3,0.14909957349300385,1.1726367473602295,0.2122719734660033
4,0.23164746165275574,1.1478604078292847,0.570480928689884
5,0.46716180443763733,0.6364467740058899,1.0082918739635158
6,0.2050321400165558,0.8821545839309692,0.6500829187396352
7,0.21816030144691467,1.0087655782699585,0.8092868988391376
