,difficulty,discrimination,mean_error
0,0.38094860315322876,0.7203355431556702,0.8085106382978721
1,0.21726129949092865,0.8941799998283386,0.7872340425531912
2,0.1324593722820282,1.2872496843338013,0.1914893617021277
3,0.19152696430683136,1.0203851461410522,0.2765957446808511
4,0.18517401814460754,0.9953901171684265,0.42553191489361697
5,0.507973849773407,0.5852586627006531,1.787234042553191
6,0.6425625681877136,0.7217421531677246,2.723404255319148
