,difficulty,discrimination,mean_error
0,0.1252918243408203,1.089592695236206,0.597609561752988
1,0.11690367013216019,0.8999097347259521,0.5776892430278883
2,0.29393163323402405,0.49923890829086304,1.434262948207171
3,0.43865928053855896,0.45306068658828735,1.035856573705179
4,0.27758803963661194,0.5030843615531921,1.3545816733067726
