,difficulty,discrimination,mean_error
0,0.3199942409992218,0.4632833003997803,0.874439461883408
1,0.3373625576496124,0.6095519661903381,0.874439461883408
2,0.13139720261096954,0.9258283972740173,0.8071748878923767
3,0.28733524680137634,0.8518667817115784,0.9417040358744394
4,0.3979589343070984,0.4049796462059021,1.5022421524663676
