,difficulty,discrimination,mean_error
0,0.3075736463069916,0.7837752103805542,0.779220779220779
1,0.27507227659225464,1.0167285203933716,0.6060606060606059
2,0.46358558535575867,0.6406834721565247,1.1255411255411254
3,0.5232496857643127,0.3949529826641083,1.3419913419913416
4,0.4633079767227173,0.5286638140678406,1.1471861471861469
