,difficulty,discrimination,mean_error
0,0.8235569596290588,-0.8504176735877991,0.1388888888888889
1,0.12873607873916626,0.90137779712677,0.8487654320987653
2,0.15353459119796753,1.112281084060669,1.0030864197530867
3,0.4557589590549469,0.1534692496061325,1.4660493827160495
4,0.2883773744106293,0.37237462401390076,1.54320987654321
