,difficulty,discrimination,mean_error
0,0.6068134903907776,-0.09616934508085251,0.7407407407407409
1,0.5841195583343506,0.34520214796066284,1.550925925925926
2,0.7029140591621399,0.3263181447982788,1.0416666666666667
3,0.4183419644832611,0.3992106020450592,0.7638888888888888
4,0.28949877619743347,0.7344611883163452,0.9027777777777777
