,difficulty,discrimination,mean_error
0,0.5885460376739502,0.4748748242855072,1.800518134715026
1,0.15798278152942657,0.9303772449493408,0.2331606217616581
2,0.23180562257766724,1.030596375465393,0.4663212435233162
3,0.3845841586589813,0.6473722457885742,1.0492227979274615
4,0.510791003704071,0.30094724893569946,1.4507772020725394
