,difficulty,discrimination,mean_error
0,0.2829352617263794,0.5414983034133911,0.7500000000000001
1,0.16471104323863983,0.25572216510772705,1.7678571428571426
2,0.20462481677532196,1.0302364826202393,0.6607142857142859
3,0.4344645142555237,0.17976932227611542,0.892857142857143
4,0.40516307950019836,0.16593728959560394,0.9285714285714287
