,difficulty,discrimination,mean_error
0,0.3587874472141266,0.4093385338783264,0.5230769230769229
1,0.23482556641101837,0.7186593413352966,0.6923076923076923
2,0.33542782068252563,0.6028427481651306,1.1076923076923075
3,0.27699872851371765,0.38736584782600403,0.8307692307692307
4,0.4474640190601349,0.6621000170707703,1.2153846153846153
5,0.5510415434837341,0.2170291692018509,1.6307692307692303
