,difficulty,discrimination,mean_error
0,0.331402063369751,0.7961956262588501,0.7186234817813765
1,0.49047330021858215,0.3614364266395569,1.022267206477733
2,0.29797908663749695,0.895024836063385,0.7388663967611335
3,0.5597702860832214,0.49293553829193115,1.3461538461538463
4,0.4256061017513275,0.5609912276268005,1.1740890688259111
