Models,Ability
LinearRegression,0.522542968
BayesianRidge,0.500340584
SVR,0.516902188
SVR.1,0.5355131160000001
KNeighborsRegressor,0.5320272540000001
DecisionTreeRegressor,0.5449113139999999
RandomForestRegressor,0.52866428
AdaBoostRegressor,0.5328630299999999
MLPRegressor,0.511898618
MLPRegressor.1,0.5372638399999999
Average,0.45391347
Optimal,0.615787162
Worst,0.43585297599999995
