Models,Ability
LinearRegression,0.48585107899999996
BayesianRidge,0.47114294799999995
SVR,0.500942564
SVR.1,0.555910349
KNeighborsRegressor,0.488372087
DecisionTreeRegressor,0.509459257
RandomForestRegressor,0.5635176749999999
AdaBoostRegressor,0.530888654
MLPRegressor,0.5107532800000001
MLPRegressor.1,0.509788425
Average,0.495148135
Optimal,0.585701172
Worst,0.42950678499999995
