Difficulty,Discrimination
0.43387644099999995,-0.01904914416
0.5439417699999999,0.4335619750000001
0.37598088500000004,0.5378138670000001
0.5315258010000001,0.249994176
0.34110721299999996,0.549555816
0.38982481199999997,0.41692039999999997
0.490470694,0.366608483
0.4265940530000001,0.639928516
0.45607034999999996,0.4357057490000001
0.466776985,0.479423976
0.538564153,0.282368604
0.44303750499999994,0.31717315199999996
0.4860950300000001,0.48922053499999996
0.5068304770000001,0.36186702099999996
0.42758537899999993,0.214100402
0.40144521399999994,0.6341969350000001
0.41821878600000006,0.30823770300000003
0.449832176,0.05090810889999999
0.593413382,0.321171816
0.387446799,0.378413927
0.49640565300000006,0.5182686649999999
0.41548070400000003,0.579432918
0.637412372,0.5748533949999999
0.454711978,0.300368085
0.43310400800000004,0.4260211289999999
0.6017706209999999,0.6570599289999999
0.420026759,0.591603737
0.46270741400000015,0.438133392
0.5185215020000001,0.25494568700000003
0.5228831220000001,0.30022498900000005
0.44743752400000003,0.3792527
0.543787044,0.367458397
0.46663064299999996,0.5345682599999999
0.649100332,0.568435471
0.5886308700000001,0.543533006
0.6738668139999999,0.439198851
0.542877536,0.310564913
0.43038944199999996,0.473325307
0.457852513,0.5294130069999999
0.485009738,0.427981445
0.519847436,0.488986581
0.40787919100000003,0.6412587719999999
0.5684926719999999,0.687471279
0.4200855559999999,0.45733185700000006
0.482249892,0.27678797299999996
0.47377594199999995,0.5454507980000001
0.38972822399999996,0.46658019799999995
0.45383068899999995,0.376740501
0.49144221099999996,0.5399251119999999
0.43318369600000006,0.45440438299999997
0.39957634799999997,0.44529447599999994
0.44203214299999993,0.38148200699999996
0.6558747869999999,0.4460286980000001
0.48809894699999995,0.36294921900000005
0.46421832900000004,0.22209359500000003
0.7813238520000001,0.863991893
0.40323437800000006,0.5422403929999999
0.380617667,0.338787722
0.37611674500000003,0.616275967
0.6129759929999999,0.389898191
