Difficulty,Discrimination
0.447660516,0.397184934
0.41900458599999996,0.400597562
0.43638322,0.43571323600000006
0.560115582,0.33207931999999996
0.396732392,0.44058315200000003
0.366812024,0.6775882320000001
0.43202280000000004,0.364993016
0.44985795799999995,0.46456453600000003
0.419265564,0.471644362
0.5425480979999999,0.24103897199999996
0.514007508,0.39521165199999997
0.45929196,0.378965796
0.5005345,0.326646656
0.468894258,0.42414855199999996
0.42130925399999997,0.43643028399999995
0.48125712,0.10660178599999996
0.349342096,0.6706343459999999
0.48375734000000004,0.287869142
0.6211813559999999,0.41381326000000007
0.383840556,0.591111902
0.350571346,0.586295016
0.39048897,0.5852109320000001
0.591967886,0.42772598000000006
0.45544782,0.33649271999999997
0.42679631800000006,0.420878534
0.5976732180000001,0.638463346
0.444886274,0.412374142
0.347576942,0.41322134000000005
0.5596019139999999,0.34799108
0.42478976399999996,0.557780498
0.32739367599999997,0.653139082
0.45157357000000004,0.353416168
0.33917423,0.615154408
0.61048297,0.41949939599999997
0.5556660000000001,0.30292235344
0.5943296659999999,0.45895547600000003
0.4964969,0.33508185199999996
0.415241098,0.522987506
0.38795364399999993,0.46424341
0.43774163999999993,0.34900541799999996
0.49667145599999996,0.335625442
0.34781697599999994,0.454860436
0.516067,0.313596532
0.46024787200000006,0.326617794
0.4692289499999999,0.31388265
0.399200628,0.47977103199999993
0.36152822000000007,0.6854024
0.41151900599999996,0.44777605400000003
0.384784628,0.44899086200000005
0.461262564,0.38436634319999996
0.41402265800000004,0.41291832999999994
0.4476297020000001,0.391858608
0.671477106,0.6028844640000001
0.461293426,0.342781284
0.471734002,0.342965854
0.7509997920000001,0.67236727
0.364183718,0.585047462
0.393571542,0.4777950540000001
0.36153063799999996,0.540273668
0.534993386,0.42222007799999994
