Models,Ability
LinearRegression,0.487764857
BayesianRidge,0.4839655479999999
SVR,0.516351847
SVR.1,0.5920197899999998
KNeighborsRegressor,0.5425553240000001
DecisionTreeRegressor,0.565343755
RandomForestRegressor,0.619099776
AdaBoostRegressor,0.577869025
MLPRegressor,0.567566241
MLPRegressor.1,0.566998156
Average,0.452111368
Optimal,0.6263784780000001
Worst,0.418657144
