Models,Ability
LinearRegression,0.48561032333333337
BayesianRidge,0.4765274816666666
SVR,0.5275276493333332
SVR.1,0.6019159016666666
KNeighborsRegressor,0.5781449853333334
DecisionTreeRegressor,0.5889007206666668
RandomForestRegressor,0.644493369
AdaBoostRegressor,0.5803676736666665
MLPRegressor,0.6099037279999998
MLPRegressor.1,0.5973777386666667
Average,0.4348179586666666
Optimal,0.645462275
Worst,0.406828243
