Models,Ability
LinearRegression,0.5104307676666667
BayesianRidge,0.5202397553333333
SVR,0.5366207396666666
SVR.1,0.4996086053333333
KNeighborsRegressor,0.5400605206666668
DecisionTreeRegressor,0.5202065076666667
RandomForestRegressor,0.5321585040000001
AdaBoostRegressor,0.5227945193333333
MLPRegressor,0.5276980566666667
MLPRegressor.1,0.540250253
Average,0.501952433
Optimal,0.621735487
Worst,0.4234492526666667
