Models,Ability
LinearRegression,0.48978105000000005
BayesianRidge,0.4942230980000001
SVR,0.5308456100000001
SVR.1,0.6019964720000001
KNeighborsRegressor,0.64418254
DecisionTreeRegressor,0.643646972
RandomForestRegressor,0.620456036
AdaBoostRegressor,0.6189325520000001
MLPRegressor,0.668064906
MLPRegressor.1,0.6372932199999999
Average,0.39373686399999996
Optimal,0.7317459000000001
Worst,0.38301585400000004
