Models,Ability
LinearRegression,0.47510527700000005
BayesianRidge,0.4741838970000001
SVR,0.5185225130000001
SVR.1,0.630478576
KNeighborsRegressor,0.614289673
DecisionTreeRegressor,0.624914111
RandomForestRegressor,0.6666204600000001
AdaBoostRegressor,0.6158666060000001
MLPRegressor,0.655215483
MLPRegressor.1,0.64000575
Average,0.416375763
Optimal,0.6655899040000001
Worst,0.38670699299999994
