Models,Ability
LinearRegression,0.480113275
BayesianRidge,0.47170768599999996
SVR,0.5026396419999999
SVR.1,0.5653921350000001
KNeighborsRegressor,0.497927405
DecisionTreeRegressor,0.5190366
RandomForestRegressor,0.575167024
AdaBoostRegressor,0.5458009530000001
MLPRegressor,0.523602857
MLPRegressor.1,0.524141979
Average,0.48499157400000004
Optimal,0.5947278279999999
Worst,0.431657022
