Models,Ability
LinearRegression,0.4928814163333334
BayesianRidge,0.48325955066666665
SVR,0.5218848493333332
SVR.1,0.5865885166666666
KNeighborsRegressor,0.5425521276666666
DecisionTreeRegressor,0.5583311866666667
RandomForestRegressor,0.6126216146666666
AdaBoostRegressor,0.568020753
MLPRegressor,0.5732347379999999
MLPRegressor.1,0.5681307186666665
Average,0.45154108866666665
Optimal,0.6229394866666665
Worst,0.42125588966666666
