Models,Ability
LinearRegression,0.5509092510000001
BayesianRidge,0.5291524062499999
SVR,0.5205940250000001
SVR.1,0.5418801805000001
KNeighborsRegressor,0.49941483075000004
DecisionTreeRegressor,0.5241890137499999
RandomForestRegressor,0.5688267775
AdaBoostRegressor,0.551649286
MLPRegressor,0.47513261774999993
MLPRegressor.1,0.5523004942499999
Average,0.5302585597499999
Optimal,0.6060361557500001
Worst,0.46373981750000015
